Composition,adjusted_phase
Al0.5NbTaTiV,BCC
Al0.75MoNbTiV,BCC
Al0.25MoNbTiV,BCC
Al0.25NbTaTiV,BCC
Al0.2MoTaTiV,BCC
Al0.3NbTa0.8Ti1.4V0.2Zr1.3,BCC
Al0.5CrNbTi2V0.5,BCC
Al0.5MoNbTiV,BCC
Al0.6MoTaTiV,BCC
Al1.5MoNbTiV,BCC
AlCr0.5NbTiV,BCC
AlCrMoNbTi,FCC
AlMoNbTiV,BCC
MoTaTiV,BCC
AlNb1.5Ta0.5Ti1.5Zr0.5,BCC
AlNbTaTiV,BCC
Hf0.4Nb1.54Ta1.54Ti0.89Zr0.64,BCC
Hf0.5Mo0.5NbTiZr,BCC
Hf0.5Nb0.5Ta0.5Ti1.5Zr,BCC
Hf0.75NbTa0.5Ti1.5Zr1.25,BCC
Hf1.375Nb0.25Ta0.25Ti1.75Zr1.375,BCC
HfMo0.25NbTaTiZr,BCC
HfMo0.5NbTaTiZr,BCC
HfMo0.75NbTaTiZr,BCC
HfMo1.0NbTaTiZr,BCC
HfMo0.5NbTiV0.5,BCC
Al0.0HfNbZrTaTi,BCC
TiZrNbHfTa,BCC
Ti20Hf20Zr20Ta20Nb20,BCC
TiHfZrTaNb,BCC
HfNbTaZr,BCC
HfTaTiZr,BCC
Mo0.1NbTiV0.3Zr,BCC
Mo0.3NbTiV0.3Zr,BCC
Mo0.3NbTiVZr,BCC
Mo0.5NbTiV0.3Zr,BCC
Mo0.5NbTiVZr,BCC
Mo0.7NbTiV0.3Zr,BCC
Mo0.7NbTiVZr,BCC
Mo1.3NbTiV0.3Zr,BCC
Mo1.3NbTiVZr,BCC
Mo1.5NbTiV0.3Zr,BCC
MoNbTaTi0.25W,BCC
MoNbTaTi0.5W,BCC
MoNbTaTi0.75W,BCC
MoNbTaTiW,BCC
MoNbTaV,BCC
Nb25Mo25Ta25W25,BCC
MoNbTaW,BCC
MoNbTiV,BCC
MoNbTiV0.3Zr,BCC
MoNbTiVZr,BCC
NbTaTiV,BCC
NbTiV0.3Zr,BCC
CoFeNiSi0.0,FCC
CoFeNiSi0.25,FCC
CoFeNiSi0.5,IM
CoFeNiSi0.75,IM
Al0.25CoFeNi,FCC
Al0.5CoFeNi,FCC+BCC
Al0.75CoFeNi,FCC+BCC
CoCrFeNb0.0Ni,FCC
CoCrFeNb0.103Ni,IM
CoCrFeNb0.155Ni,IM
CoCrFeNb0.206Ni,IM
CoCrFeNb0.309Ni,IM
CoCrFeNb0.412Ni,IM
AlC0.1CoCrFeNi,IM
AlC0.2CoCrFeNi,IM
AlC0.3CoCrFeNi,IM
AlC0.4CoCrFeNi,IM
AlC0.5CoCrFeNi,IM
AlCCoCrFeNi,IM
AlCoCrFeMo0.1Ni,BCC
AlCoCrFeMo0.2Ni,IM
AlCoCrFeMo0.3Ni,IM
AlCoCrFeMo0.4Ni,IM
AlCoCrFeMo0.5Ni,IM
AlCoCrFeNb0.1Ni,BCC
AlCoCrFeNb0.25Ni,IM
AlCoCrFeNb0.5Ni,IM
AlCoCrFeNiSi0.2,IM
AlCoCrFeNiSi0.4,BCC
AlCoCrFeNiSi0.6,BCC
AlCoCrFeNiSi0.8,IM
AlCoCrFeNiSi,IM
CoCrCu1FeNiTi0.5,FCC
Al0.5CoCrCu0.5FeNiTi0.5,FCC+BCC
Al0.75CoCrCu0.25FeNiTi0.5,BCC
Ti0.5CrFeCoNiAl,BCC
AlCoCrFeNiTi,BCC
AlCoCrFeNiTi1.5,IM
CoCrFeMnNiV0.0,FCC
CoCrFeMnNiV0.25,FCC
CoCrFeMnNiV0.5,FCC
CoCrFeMnNiV0.75,IM
CoCrFeMnNiV1.0,IM
CoCrNi,FCC
AlCrFeNiMo0.0,BCC
AlCrFeNiMo0.2,BCC
AlCrFeNiMo0.5,BCC
AlCrFeNiMo0.8,IM
Al0.5CoCrCuFeNi,FCC
AlCoCrCuFeNi,FCC+BCC
Al2CoCrCuFeNi,FCC+BCC
AlCrCuFeNi0.6,IM
AlCrCuFeNi0.8,IM
AlCrCuFeNi1.2,IM
AlCrCuFeNi1.4,IM
Hf25Nb25Ti25Zr25,BCC
HfMoNbTiZr,IM
VCrFeTa0.1W0.1,BCC
VCrFeTa0.2W0.2,BCC
VCrFeTa0.4W0.4,IM
Al65Cu5Fe5Mg5Si15Zn5,IM
Al65Cu5Mg5Ni5Si15Zn5,IM
Al70Cr5Cu5Mg5Si10Zn5,IM
Al70Cu5Mg5Mn5Si10Zn5,IM
Al70Cu5Mg5Si10Zn5Zr5,IM
MoNbHfZrTi,BCC
CoCrFeNiTi0.5Al,BCC
NbCrMo0.5Ta0.5TiZr,IM
AlCoCrFeNiTi0.0 ,IM
CuNiAlCoCrFe,FCC+BCC
MoNbTaVW,BCC
CrMoNbTiV,BCC
CrMoNbTiZr,IM
AlCoCrFeNiTi0.4,IM
AlCoCrFeNiTi0.2,IM
NiCoCr,FCC
MoNbTaTiV,BCC
ZrTiHfV0.5Nb0.5,BCC
Zr2.0TiHfVNb2.0,BCC
ZrTiHfNb0.5Mo0.5,BCC
ZrTiHfNb0.5Ta0.5,BCC
NbTiZr,BCC
Ta10Nb30Ti30Zr30,BCC
Cr10Nb30Ti30Zr30,BCC
Al0.3HfNbTaTiZr,BCC
Al0.5HfNbTaTiZr,BCC
Al0.75HfNbTaTiZr,BCC
Al1.0HfNbTaTiZr,BCC
NbTaTiZr,BCC
NbTaTi30Zr,BCC
NbTaTi35Zr,BCC
NbTaTi40Zr,BCC
NbTaTi45Zr,BCC
Ti35Zr27.5Hf27.5Nb5Ta5,BCC
Ta0.6ZrHfTi,BCC
Ta0.5ZrHfTi,BCC
Ta0.4ZrHfTi,BCC
Ti40Zr25Nb25Ta10,BCC
Ti45Zr25Nb25Ta5,BCC
Ti35Zr25Nb25Ta15,BCC
Ti30Zr25Nb25Ta20,BCC
Ti25Zr25Nb25Ta25,BCC
AlCoCrFeNiV0.0,BCC
AlCoCrFeNiV0.2,BCC
AlCoCrFeNiV0.5,BCC
AlCoCrFeNiV0.8,BCC
AlCoCrFeNiV1.0,BCC
Al2CoCrFeNi,IM
Al1.8CoCrFeNiTi0.2,IM
Al1.5CoCrFeNiTi0.5,IM
Al1.2CoCrFeNiTi0.8,BCC
Al0.8CoCrFeNiTi1.2,IM
Al0.5HfNbTiZr,BCC
Al0.75HfNbTiZr,BCC
AlHfNbTiZr,BCC
Al1.25HfNbTiZr,BCC
Al1.5HfNbTiZr,BCC
Al5Nb24Ti40V5Zr26,BCC
Fe50Mn30Co10Cr10,IM
Fe37Mn45Co9Cr9,FCC
CoFeNi2V0.5Mo0.2,FCC
Al10Co25Cr8Fe15Ni36Ti6,IM
Al0.3CoCrCu0.3FeNi,FCC
CrCoFeNiMn,FCC
TiZrHfCr0.2Mo,BCC
Cr26Mn20Fe20Co20Ni14,FCC
Ti1.89CrNbV0.56,IM
HfNbTaTiZr,BCC
HfNbTaTiZrW,BCC
HfNbTaTiZrMoW,BCC
Ti2ZrHf0.5V,BCC
Ti2ZrHf0.5VNb0.25,BCC
Ti2ZrHf0.5VNb0.5,BCC
Ti2ZrHf0.5VNb0.75,BCC
Ti2ZrHf0.5VNb1.0,BCC
ZrTiHfCuNiFe,BCC
AlCrFeCoNi,BCC
CoCrFeNiMo0.2,FCC
Ti40Zr10Ni40Co5Cu5,IM
Ti30Zr20Ni30Co10Cu10,IM
Ti25Zr25Ni16.67Co16.67Cu16.67,IM
Ti30Zr10Hf10Ni30Co10Cu10,IM
Ti20Zr15Hf15Ni20Co15Cu15,IM
CoCuHfNiTiZr,IM
CrFeMnV,BCC
CrMn0.3FeVCu0.06,FCC+BCC
CrMn0.5FeVCu0.10,FCC+BCC
CrMn0.7FeVCu0.14,FCC+BCC
CrMnFeVCu0.20,FCC+BCC
 (CoCrCuFeNi)96Nb4,FCC
 (CoCrCuFeNi)92Nb8,IM
 (CoCrCuFeNi)88Nb12,IM
 (CoCrCuFeNi)84Nb16,IM
Co28.2Cr5.92Mo0.62Mn0.50Si0.13N0.04C,FCC
Co–33Cr–9W–0.35N–0.01C,FCC
Co–33Cr–9W–0.35N–0.06C,FCC
Co–33Cr–9W–0.35N–0.1C,FCC
Co–33Cr–9W–0.35N–0.25C,FCC
Co–33Cr–9W–0.35N–0.31C,FCC
Al40Cu15Cr15Fe15Si15,IM
Al60Cu10Fe10Cr5Mn5Ni5Mg5,IM
Al65Cu5Cr5Si15Mn5Ti5,IM
Al80Mg14Zn2.7Cu2.7Si0.60,IM
Al85Mg10.5Zn2.025Cu2.025Si0.45,IM
Al90Mg7.1Zn1.35Cu1.35Si0.3,IM
Al0.5NbTiVZr,IM
Al26.6Nb23.8Ti25.1V24.5,BCC
AlLiMgZnSn,IM
Al80Li5Mg5Zn5Sn5,IM
Al80Li5Mg5Zn5Cu5,IM
CrMnFeCoNi,FCC
AlCrFeMnNi,BCC
Al8Co17Cr17Cu8Fe17Ni33,FCC
Al0.5CoCrFeMnNi,FCC+BCC
CoCrFeNi,FCC
CoCrFeNiV0.25,FCC
CoCrFeNiV0.5,IM
CoCrFeNiV0.7,IM
CoCrFeNiV0.8,IM
CoCrFeNiV0.9,IM
CoCrFeNiV,IM
(CoCrFeMnNi)99C1,FCC
Fe19.96Mn19.96Ni19.96Co19.96Cr19.96C0.2,FCC
Fe19.96Mn19.96Ni19.96Co19.96Cr19.96C0.5,FCC
Fe19.96Mn19.96Ni19.96Co19.96Cr19.96C0.8,FCC
Al0.1CoCrFeNi,FCC
Fe45Cr10V10Co10Ni25,FCC
Fe45Cr10V10Co20Ni15,FCC
Fe45Cr10V10Co30Ni5,IM
Fe45Cr10V10Co35,IM
CoCrFeNiAl,BCC
AlCoCrNi,IM
V10Cr15Mn5Fe35Co10Ni25,FCC
Co17.5Cr12.5Fe55Ni10Mo5,FCC
Co18Cr12.5Fe55Ni7Mo7.5,FCC
AlMo0.5NbTa0.5TiZr,BCC
TaNbHfZrTi,BCC
AlMo0.5NbTiTa0.5Zr,IM
Al0.4Hf0.6NbTaTiZr,BCC
Al0.3NbTaTi1.4Zr1.3,BCC
TiVZrHfNb,IM
HfNbTiVZr,BCC
Zr20Hf20Nb20Ti20V20,BCC
CrHfNbTiZr,IM
NbTiVZr,BCC
NbTiV2Zr,BCC
NbTiV3Zr,BCC
NbTiV4Zr,BCC
NbTiV5Zr,BCC
CrNbTiZr,IM
CrNbTiVZr,IM
NbMoTaW,BCC
VNbMoTaW,BCC
Al7.5CoCrNi,IM
(CoCrNi)94Al3Ti3,IM
FeCoNiCr,FCC
(FeCoNiCr)94Ti2Al4,FCC
CoCrCuAl0.5FeNi,IM
CoMnNi,FCC
CoFeNi,FCC
FeMnNi,FCC
FeNiCoCr,FCC
CoFeMnNi,FCC
CoCrMnNi,FCC
CoCrMoNbTi0.4,IM
CoCrFeMnNiNbC,FCC
CoCrMoNbTi,IM
CoCrMoNbTi0.2,IM
CoCrMoNbTi0.5,IM
CoCrMoNbTi1.0,IM
AlCoCrFeNiC1.5,IM
Fe36Ni18Mn33Al13Ti0.0,IM
Fe36Ni18Mn33Al13Ti2.0,IM
Fe36Ni18Mn33Al13Ti4.0,IM
Fe36Ni18Mn33Al13Ti6.0,IM
Fe30Ni20Mn35Al15,IM
Fe33Ni19Mn34Al14,IM
Fe29Ni19Mn38Al14,IM
Fe31Ni18Mn38Al13,IM
Fe33Ni17Mn38Al12,IM
Fe34Ni16Mn39Al11,IM
Al0.3CrFe1.5MnNi,BCC
Al0.3CrFe1.5MnNi0.5Ti0.2,BCC
Al0.3CrFe1.5MnNi0.5Si0.2,IM
Al25Ti25Ni25Cu25,FCC
Al22.5Ti22.5Ni20Cu20Fe15,FCC
AlTiNiCuFe,FCC
Al0.5CoCrFeNiTi0.5,FCC+BCC
Al0.8CoCrFeNiTi0.2,FCC+BCC
CoCrFeNiMnC0.01,FCC
CoCrFeNiAl0.3,IM
FeMnNiCoCr,FCC
Fe40Mn27Ni26Co5Cr2,FCC
Fe40Mn40Co10Cr10,FCC
Co20Cr20Fe20Mn20Ni20,FCC
Co20Cr20Fe34Mn20Ni6,FCC
Co20Cr20Fe40Mn20,FCC
AlNbTiV,BCC
AlCrNbTiV,IM
Al18Cr28Nb18Ti18V18,IM
Al0.0HfNbTiZr,BCC
Al3(HfNbTiZr)97,BCC
Al5(HfNbTiZr)95,BCC
Al7(HfNbTiZr)93,BCC
Al10 (HfNbTiZr)90,IM
Al12(HfNbTiZr)88,IM
HfNbTiZr,BCC
Al0.2CrFeCoNi2Cu0.2,FCC
Al0.3CuCrFeNi2,FCC
Al0.2Co1.5CrFeNi1.5Ti0.3,IM
AlHfNbTaTiZr,BCC
Hf0.5Mo0.5NbTiZrC0.1,IM
Hf0.5Mo0.5NbTiZrC0.3,IM
Al0.5NbTa0.8Ti1.5V0.2Zr,IM
Mo0.5NbHf0.5ZrTiSi0.1,BCC
Mo0.5NbHf0.5ZrTiSi0.3,IM
Mo0.5NbHf0.5ZrTiSi0.5,IM
Mo0.5NbHf0.5ZrTiSi0.7,IM
Mo0.5NbHf0.5ZrTiSi0.9,IM
HfMo0.5NbTiV0.5Si0.3,IM
HfMo0.5NbTiV0.5Si0.5,IM
HfMo0.5NbTiV0.5Si0.7,IM
MoNb0.5HfZrTi,BCC
MoNb1.5HfZrTi,BCC
MoNbHfZrTi0.5,BCC
MoNbHfZrTi1.5,BCC
MoNbHfZr0.5Ti,BCC
MoNbHfZr1.5Ti,BCC
MoNbHf0.5ZrTi,BCC
MoNbHf1.5ZrTi,BCC
Mo0.5NbHf0.5ZrTi,BCC
Mo1.5NbHfZrTi,BCC
FeCoNiCrMn,FCC
Fe19.6Co19.6Ni19.6Cr19.6Mn19.6Al2,FCC
Fe19.2Co19.2Ni19.2Cr19.2Mn19.2Al4,FCC
Fe18.6Co18.6Ni18.6Cr18.8Mn18.8Al7,FCC+BCC
Fe18.4Co18.4Ni18.4Cr18.4Mn18.4Al8,FCC+BCC
Fe18.2Co18.2Ni18.2Cr18.2Mn18.2Al9,FCC+BCC
Fe18Co18Ni18Cr18Mn18Al10,FCC+BCC
Fe17.8Co17.8Ni17.8Cr17.8Mn17.8Al11,FCC+BCC
TiZrNbV,BCC
TiZrNbVMo1.7,BCC
TiZrNbVMo2.0,BCC
CoCrCuFeNiTi0.8,IM
CrFeCoNiCuTi0.5,IM
CrFeCoNiCu,FCC
Cu0.25AlCoCrFeNiTi0.5,BCC
Cu0.5AlCoCrFeNiTi0.5,BCC
AlCrFeCoNiCu,FCC+BCC
AlCrFeCoNiCuTi,FCC+BCC
AlCrFeCoNiCuV,FCC+BCC
Co25Ni25Fe25Al7.5Cu17.5,FCC
V10Cr10Fe45Co10Ni25,FCC
V10Cr10Fe45Co20Ni15,FCC
V10Cr10Fe45Co30Ni5,FCC+BCC
V10Cr10Fe45Co35Ni0,FCC+BCC
Re10Nb30Ti30Zr30,IM
VCrFeTa0.3W0.3,BCC
CrFeTaVW,IM
HfMoNbTaTiZr,IM
HfMoTaTiZr,BCC
HfMoNbTaZr,BCC
HfMoNbTaTi,BCC
CoNi,FCC
CoCrFeMnNi,FCC
Ni18.5Fe18.5Cr18.5Co26Mn18.5,IM
Ni14Fe20Cr26Co20Mn20,FCC+BCC
NiFeCrCoMn,IM
Fe70.04Mn28Al1.6Si0.28C0.08,IM
Fe73.03Mn25Al1.6Si0.24Nb0.05C0.08,IM
Fe68.25Mn27Al4.1Si0.52Nb0.05C0.08,IM
Ni30Co30Cr10Fe10Al18W2,IM
CoCrFeNiMo0.1,FCC
CoCrFeNiMo0.3,IM
FeCrCoMnNi,FCC
Cr20Fe6Co34Ni34Mo6,FCC
Al0.5Cr0.9FeNi2.5V0.2,FCC
Fe36Ni18Mn33Al13C1.26,IM
Fe36Ni18Mn33Al13,IM
Fe40.4Ni11.3Mn34.8Al7.5Cr6C1.1,FCC
Fe28Ni18Mn33Al21,IM
NbTaTi,BCC
Nb1.5TaTiZr0.5,BCC
Fe22Co20Ni19Cr20Mn12Al7,IM
CoCrFeNiTi0.2,IM
Fe20Co27Ni13Cr20Mn20,FCC
AlCoCrFeMo0.05Ni2,IM
Ti2ZrHf0.5VNb,BCC
AlCr1.5NbTiV,IM
Ni45(FeCoCr)40(AlTi)15,IM
HfNb0.18Ta0.18Ti1.27Zr,BCC
Fe34Cr34Ni14Al14Co4,IM
Fe36Co21Cr18Ni15Al10,IM
TiZrNbMo,BCC
TiZrNbMoV0.25,BCC
TiZrNbMoV0.5,BCC
TiZrNbMoV0.75,BCC
TiZrNbMoV,BCC
TiZrNbMoV1.5,BCC
TiZrNbMoV2,BCC
TiZrNbMoV3,BCC
Co10Cr10Fe50Mn30,FCC+BCC
AlCoFeNi,BCC
Nb0.5TaTiZr1.5,BCC
NbTa0.8Ti1.2Zr,BCC
NbTa0.6Ti1.4Zr,BCC
NbTa0.4Ti1.6Zr,BCC
NbTa0.2Ti1.8Zr,BCC
AlNbTiVZr,BCC
AlNbTiVZr0.1,IM
AlNbTiVZr0.25,IM
AlNbTiVZr0.5,IM
AlNbTiVZr1.5,IM
AlCoCrFeNi ,IM
Ni1.5Co1.5CrFeTi0.5,BCC
NbTiVTa,BCC
Al86Mg10Zn2Cu2,IM
Al85.7Mg10Zn2Cu2Si0.3,IM
Al85.4Mg10Zn2Cu2Si0.6,IM
Al85.1Mg10Zn2Cu2Si0.9,IM
Al84.8Mg10Zn2Cu2Si1.2,IM
Co23.25Ni23.25Fe23.25Cr23.25Mo7.00,FCC
CoCrCuFeNi,FCC
Cr2MnFeNi,FCC+BCC
Cr1.75Cu0.25MnFeNi,FCC+BCC
Cr1.5Cu0.5MnFeNi,FCC+BCC
Cr1.25Cu0.75MnFeNi,FCC+BCC
CrCuFeMnNi,FCC+BCC
CrCoCuFeNi,FCC
CoCrCuFeMn,FCC+BCC
AlCoCrFeNiTi0.5,BCC
CoCrFeNiW0.2,FCC
CoCrFeNiW0.5,IM
TiZrNbTa,BCC
(TiZrNbTa)95Mo5,BCC
(TiZrNbTa)90Mo10,BCC
(TiZrNbTa)85Mo15,BCC
MoNbTaTiZr,BCC
Al9.5Co25Cr8Fe15Ni36Ti6Hf0.5,IM
Co10Cr25Fe20Mn5Ni40,FCC
Co20Cr25Fe10Mn5Ni40,FCC
Fe37.5Ni37.5Cr15Mn10,BCC
Fe33.5Ni33.5Cr15Mn10Al5Ti3,IM
Fe33.5Ni33.5Cr15Mn10Al4Ti4,IM
Fe33.5Ni33.5Cr15Mn10Al3Ti5,IM
(Fe40Mn40Co10Cr10)98C2.2,FCC
(Fe40Mn40Co10Cr10)96.7C3.3,FCC
AlCoCrCuMnTi,IM
AlCoCrCuMnFe,FCC+BCC
Al58.5Mg31.5Zn4.5Cu4.5Si1,IM
Al63Mg27Zn4.5Cu4.5Si1,IM
Al66.7Mg23.3Zn4.5Cu4.5Si1,IM
Al13Co21.74Cr21.74Fe21.74Ni21.74,FCC+BCC
Al13Co21.69Cr21.69Fe21.69Ni21.69C0.25,FCC+BCC
Al16Co21Cr21Fe21Ni21,FCC+BCC
Al13Co21Cr21Fe21Ni21Ti3,FCC+BCC
Al13Co20.94Cr20.94Fe20.94Ni20.94Ti3C0.25,FCC+BCC
Al9.38Ni22.66Co22.66Fe22.66Cr22.66,FCC+BCC
Al12.5Ni21.88Co21.88Fe21.88Cr21.88,FCC+BCC
Al15.63Ni21.09Co21.09Fe21.09Cr21.09,FCC+BCC
Al21.88Ni19.53Co19.53Fe19.53Cr19.53,BCC
Al25Ni18.75Co18.75Fe18.75Cr18.75,BCC
CoCrHf0.1FeNi,IM
AlCoCrFeNi2.1,FCC+BCC
CoCrFeNiNb0.1,IM
CoCrFeNiNb0.25,IM
CoCrFeNiNb0.5,IM
CoCrFeNiNb0.8,IM
(CoCrFeMnNi)100Mo0,FCC
(CoCrFeMnNi)96Mo4,FCC
AlCoCr0.3FeNi,FCC+BCC
AlCoCr0.5FeNi,FCC+BCC
AlCoCr0.7FeNi,FCC+BCC
NiCoFeCrAl0.70,FCC+BCC
NiCoFeCrAl0.75,FCC+BCC
NiCoFeCrAl1.0,FCC+BCC
NiCoFeCrAl1.21,FCC+BCC
NiCoFeCrAl1.5,BCC
Ni2.1CoCrFeAl,FCC+BCC
NiNb0.1CoCrFe,IM
NiNb0.5CoCrFe,IM
NiNb0.25CoCrFe,IM
NiNb0.8CoCrFe,IM
Ni2.1AlCoCrFe,FCC+BCC
AlCoCrFeNiTi0.6,IM
AlCoCrFeNiTi0.8,IM
 AlFeCrCoNi,BCC
 Al0.25FeCrCoNi,FCC
 Al0.5FeCrCoNi,FCC+BCC
 Al0.75FeCrCoNi,FCC+BCC
 Al1.0FeCrCoNi,BCC
 Al1.5FeCrCoNi,FCC
Al0.8CrFeCoNi,FCC+BCC
Al0.6CrFeCoNi,FCC
Al0.15CrFe1·5Ni0·5,BCC
Al0.2CrFe1·5Ni0·5,BCC
Al0.3CrFe1·5Ni0·5,IM
Al0.4CrFe1·5Ni0·5,IM
AlCrFe2Ni2,IM
AlCrFeNi,BCC
AlCuNiTi,FCC
CoCrCuFe,FCC
CoCr2FeNi,FCC
CoCuFeNi,FCC
CoFeNiTiAl,BCC
CoFeNiTiV,BCC
CoFeNiTiCu,FCC
CoFeNiTiCr ,FCC
CoFeNi ,FCC
AlCrFeNiMo,IM
AlCoCrCuFeNiV,FCC+BCC
Al0.5CoCrCuFeNiV1.2,BCC
Al0.5CoCrCuFeNiV1.4,BCC
Al0.5CoCrCuFeNiV1.6,BCC
Al0.5CoCrCuFeNiV1.8,BCC
Al0.5CoCrCuFeNiV2.0,BCC
AlCoCrCuNiTiY0.5,IM
AlCoCrCuNiTiY0.8,IM
AlCoCrCuNiTiY,IM
AlCoFeNiTiVZr,BCC
AlCoCuFeNbNi,IM
CrMo0.5NbTa0.5TiZr,IM
Al11.1(CoCrCuFeMnNiTiV)88.9,FCC+BCC
Al20(CoCrCuFeMnNiTiV)80,BCC
Al40(CoCrCuFeMnNiTiV)60,IM
Cu75Mn75Ni75Zn25,FCC
Cu80Mn80Ni80Zn20,FCC
Cu90Mn90Ni90Al10,IM
Cu90Mn90Ni90Sn10,IM
Cu95Mn95Ni95Al5,FCC
Cu95Mn95Ni95Sn5,IM
Ti0.25NbMoTaW,BCC
Ti0.75NbMoTaW,BCC
AlCrFeNiMo0.5Ti0.25,IM
AlCrFeNiMo0.5Ti0.4,IM
AlCrFeNiMo0.5Ti0.5,IM
AlCrFeNiMo0.5Ti0.6,IM
AlCrFeNiMo0.5Ti0.75,IM
Al0.25CoCrFeNi,FCC
Al0.375CoCrFeNi,FCC
Al0.5CoCrFeNi,FCC+BCC
Al0.75CoCrFeNi,FCC+BCC
Al0.875CoCrFeNi,BCC
Al1.25CoCrFeNi,BCC
Al1.5CoCrFeNi,BCC
FeCoNiCrAl2,BCC
FeCoNiCrMnAl,FCC
(FeCoNiCrMn)98Al2,FCC
(FeCoNiCrMn)97Al3,FCC
(FeCoNiCrMn)96Al4,FCC
(FeCoNiCrMn)92Al8,FCC+BCC
(FeCoNiCrMn)91Al9,FCC+BCC
(FeCoNiCrMn)90Al10,FCC+BCC
(FeCoNiCrMn)89Al11,FCC+BCC
(FeCoNiCrMn)88Al12,FCC+BCC
(FeCoNiCrMn)87Al13,FCC+BCC
(FeCoNiCrMn)86Al14,FCC+BCC
(FeCoNiCrMn)84Al16,FCC+BCC
(FeCoNiCrMn)83Al17,BCC
(FeCoNiCrMn)82Al18,BCC
(FeCoNiCrMn)81Al19,BCC
(FeCoNiCrMn)80Al20,BCC
Al0.5CrFe1.5MnNi0.5,BCC
Cu0.5CoCrFeNi,FCC
Al0.0CoCrCuFeNi,FCC
Al0.3CoCrCuFeNi,FCC
Al0.8CoCrCuFeNi,FCC+BCC
Al1.3CoCrCuFeNi,FCC+BCC
Al1.5CoCrCuFeNi,FCC+BCC
Al1.8CoCrCuFeNi,FCC+BCC
Al2.0CoCrCuFeNi,BCC
Al2.3CoCrCuFeNi,FCC+BCC
Al2.5CoCrCuFeNi,FCC+BCC
Al2.8CoCrCuFeNi,BCC
Al3.0CoCrCuFeNi,BCC
AlCoCrFeNiNb0 ,BCC
AlCoCrFeNiNb0.1 ,BCC
AlCoCrFeNiMo,BCC
AlCoCrFeNiMo0.1,BCC
AlCrFeCuNi0.6,IM
AlCrFeCuNi0.8,IM
AlCrFeCuNi1.0,IM
AlCrFeCuNi1.2,IM
AlCrFeCuNi1.4,IM
CoCrCuFeNiTi0,FCC
CoCrCuFeNiTi0.5,FCC
CoCrCuFeNiTi,IM
Al0.5CoCrCuFeNiTi0,FCC
Al0.5CoCrCuFeNiTi0.2,FCC
Al0.5CoCrCuFeNiTi0.4,FCC
Al0.5CoCrCuFeNiTi0.6,FCC+BCC
Al0.5CoCrCuFeNiTi0.8,FCC+BCC
Al0.5CoCrCuFeNiTi1.0,IM
Al0.5CoCrCuFeNiTi1.2,IM
Al0.5CoCrCuFeNiTi1.4,IM
Al0.5CoCrCuFeNiTi1.6,IM
Al0.5CoCrCuFeNiTi1.8,IM
CoCrCuFeNiVAl0.5,FCC
CoCrCuFeNiV0.2Al0.5,FCC
CoCrCuFeNiV0.4Al0.5,FCC+BCC
CoCrCuFeNiV0.6Al0.5,IM
CoCrCuFeNiV0.8Al0.5,IM
CoCrCuFeNiV1.2Al0.5,BCC
CoCrCuFeNiV1.4Al0.5,BCC
CoCrCuFeNiV1.6Al0.5,BCC
CoCrCuFeNiV1.8Al0.5,BCC
CoCrCuFeNiV2Al0.5,FCC+BCC
FeCoNiCuAl,FCC+BCC
FeCoNiCuAlSi,FCC+BCC
FeCoNiCuAlCr,FCC+BCC
FeCoNiCuAlTi,FCC+BCC
FeCoNiCuAlZr,FCC+BCC
AlCrFeCoNiCuMn,IM
AlCrFeCoNiCuV ,FCC+BCC
FeMnNiCoCu,FCC
AlCr0.5NbTiV ,BCC
AlCr1.5NbTiV ,IM
Al20Ti20Ni20Cu20Fe20,FCC
NbTiVTaAl0.2,BCC
NbTiVTaAl0.5,BCC
NbTiVTaAl1.0,BCC
Ti20Zr20Hf20Nb20V20 ,IM
W25Nb25Mo25Ta25,BCC
W20Nb20Mo20Ta20V20,BCC
Ta20Nb20Hf20Zr20Ti20,BCC
Ta20Nb20W20Mo20V20,BCC
TiZrHfNbTa ,BCC
CoCrFeNiAlNb0.1,BCC
CoCrFeNiAlNb0.25,IM
CoCrFeNiAlNb0.5,IM
CoCrFeNiAlNb0.75,IM
Nb20Cr20Mo10Ta10Ti20Zr20,IM
TiZrNiMo,BCC
TiZrNiMoV0.25,BCC
TiZrNiMoV0.5,BCC
TiZrNiMoV0.75,BCC
TiZrNiMoV1.0,BCC
TiZrNiMoV1.5,IM
TiZrNiMoV2,IM
TiZrNiMoV3,IM
Mo0.5NbHf0.5ZrTiC0.1,IM
Mo0.5NbHf0.5ZrTiC0.3,IM
HfNbTiVSi0.5,IM
HfNbSi0.5TiVZr,IM
MoNbTaV ,BCC
V20Nb20Mo20Ta20W20,BCC
NbTaVW,BCC
NbTaTiVW,BCC
CoFeNiVMo0.2,IM
CoFeNiVMo0.4,IM
CoFeNiVMo0.6,IM
CoFeNiVMo0.8,IM
CoFeNiVMo1.0,IM
CoFeNi1.2VMo,IM
CoFeNi1.4VMo,IM
CoFeNi1.6VMo,IM
CoFeNi1.8VMo,IM
CoFeNi2.0VMo,IM
Al0.5CrCuFeNi2,FCC
Al0.9CrCuFeNi2,IM
Al1.2CrCuFeNi2,FCC+BCC
Al2.0CrCuFeNi2,IM
Al2.2CrCuFeNi2,IM
Al2.5CrCuFeNi2,IM
CoFeNi2V0.5,FCC
CoFeNi2V0.5Nb0.2,IM
CoFeNi2V0.5Nb0.4,IM
CoFeNi2V0.5Nb0.6,IM
CoFeNi2V0.5Nb0.65,IM
CoFeNi2V0.5Nb0.7,IM
CoFeNi2V0.5Nb0.75,IM
CoFeNi2V0.5Nb0.8,IM
CoFeNi2V0.5Nb,IM
Al0(TiVCrMnFeCoNiCu)100,IM
Al11.1(TiVCrMnFeCoNiCu)88.9,FCC+BCC
Al20(TiVCrMnFeCoNiCu)80,BCC
Al40(TiVCrMnFeCoNiCu)60,IM
[CuMnNi]95Al5,FCC
[CuMnNi]90Al10,IM
[CuMnNi]80Al20,IM
[CuMnNi]75Al25,IM
[CuMnNi]70Al30,IM
[CuMnNi]60Al40,IM
[CuMnNi]95Sn5,IM
[CuMnNi]90Sn10,IM
[CuMnNi]80Sn20,IM
[CuMnNi]75Sn25,IM
[CuMnNi]80Zn20,FCC
[CuMnNi]75Zn25,FCC
[CuMnNi]65Zn35,FCC+BCC
[CuMnNi]60Zn40,FCC+BCC
CoCrCuFeNiAl0.5,FCC
CoCrCuFeNiAl1.0,FCC+BCC
CoCrCuFeNiAl1.5,FCC+BCC
CoCrCuFeNiAl2.0,FCC+BCC
CoCrCuFeNiAl2.5,FCC+BCC
CoCrCuFeNiAl3.0,BCC
 NbMoCrTiAl ,BCC
Al0.3CoCrFeNi,IM
CoCrFeMo0.5NiAl,IM
CoCr0.5FeMo0.5NiAl,IM
CoCr1.0FeMo0.5NiAl,IM
CoCr1.5FeMo0.5NiAl,IM
CoCr2.0FeMo0.5NiAl,IM
CrFe1.5Ni0.5Al0.15,IM
CrFe1.5Ni0.5Al0.2,IM
CrFe1.5Ni0.5Al0.3,IM
CrFe1.5Ni0.5Al0.4,IM
NbSnTaTiZr,IM
MoTaVWZr,IM
HfNbSi0.5TiV,IM
Hf0.5Mo0.5NbSi0.9TiZr,IM
CuFeMnNiPt,IM
Cr4.5Mn13.6Ni38.1Sn0.3Ti12V10Zr21.5,IM
CrFeNiV0.5W,IM
CrFeNiTiVZr,IM
CrFe1.5MnNi0.5,IM
Co2Mo0.8Ni2VW0.8,IM
CoHfNbNiTiZr,IM
Co28.75Fe31.25Ni7.5Ti30V2.5,IM
Co25Fe25Ni10Ti30V10,IM
CoFeNb0.75Ni2V0.5,IM
CoFeMoNiV,IM
CoFeMnTiVZr,IM
Co25Fe25Mn15Ni15Ti12.5V7.5,IM
CoFeMnMoNi,IM
CoCuFeNiTi,FCC
CoCuFeNiSn0.5,IM
CoCuFeNiSn0.1,IM
CoCuFeNiSn0.2,IM
CoCuFeNiSn0.02,FCC
CoCuFeNiSn0.04,IM
CoCuFeNiSn0.05,IM
CoCuFeNiSn0.07,IM
CoCrFeNiW,IM
CoCrFeNiY,IM
CoCrFeNiZr,IM
CoCuFeMnNi,FCC
Al0.2Co1.5CrFeNi1.5Ti0.5,FCC
Co1.5CrFeNi1.5Ti,IM
Co1.5CrFeNi1.5Ti0.5,FCC
CoCrFeNiTi,FCC
CoCrFeNiTi0.3,IM
CoCrFeNiTi0.5,IM
CoCrFeNiTa,IM
Co0.5CrFeNiTi0.5,IM
CoCrFeNbNi,IM
CoCrFeNb0.3Ni,IM
Co1.5CrFeMo0.1Ni1.5Ti0.5,IM
Co1.5CrFeMo0.5Ni1.5Ti0.5,IM
Co1.5CrFeMo0.8Ni1.5Ti0.5,IM
CoCrFeMo0.3Ni,FCC
CoCrFeMo0.5Ni,IM
CoCrFeMo0.85Ni,IM
CoCrFeMoNi,IM
Co0.5CrFeMn1.5Ni ,IM
Co1.5Cr0.5FeMn0.5Ni,FCC
Co1.4CrFeMnNi,FCC
CoCr0.4Fe8Mn5.4Ni5.2,FCC
CoCr0.75FeMn0.75Ni,FCC
CoCr1.25FeMn0.25Ni,FCC
CoCr1.3FeMnNi0.7,FCC
CoCrFe0.5Mn0.5Ni1.5,FCC
CoCrFeHfNi,IM
CoCrCu0.5FeNi,FCC
CoCrCuFeNiZr,IM
C0.1Hf0.5Mo0.5NbTiZr,IM
CoCrCuFeMnNi,FCC
CoCrCuFeNiTi0.8 ,IM
C0.1CoCrFeMnNi,IM
C0.25CoCrFeMnNi,IM
C0.175CoCrFeMnNi,FCC
Al1.5NbTiVZr,IM
Al2NbTi3V2Zr,IM
AlNbTaTiZr,IM
Al13Fe36Mn33Ni18,IM
AlCuTiYZr,IM
AlCu0.2Li0.5MgZn0.5,IM
AlCrNbTiVZr,IM
AlFeNiTiVZr,BCC
AlCrMoSiTi,IM
AlCr4.5Mn13.6Ni37.1Sn0.3Ti12V10Zr21.5,IM
Al0.5CrFeNiTiV,IM
Al5Cr32Fe35Ni22Ti6,IM
Al15Cr5Fe30Ni30Ti20,IM
AlCrFeMo0.8Ni,IM
AlCrFeMoNi,IM
AlCrCuFeNi2,FCC+BCC
Al0.3CrFe1.5MnNi0.5,FCC+BCC
Al0.8CrFe1.5MnNi0.5,BCC
Al14.1Cr6Fe28.2Mn32.9Ni18.8,IM
AlCrFeMo0.2Ni,IM
Al1.5CrCuFeNi2,IM
Al1.8CrCuFeNi,IM
Al2.0CrCuFeNi,IM
Al2.2CrCuFeNi,IM
Al2.5CrCuFeNi,IM
AlCrCuFeNi,FCC+BCC
Al2CrCuFeNi2,IM
AlCrCu0.5FeNi,BCC
Al0.2CrCuFeNi,FCC
Al0.2CrCuFeNi2,FCC
Al0.3CrCuFeNi2,IM
Al0.4CrCuFeNi,FCC
Al0.4CrCuFeNi2,FCC
Al0.5CrCuFeNi,FCC
Al0.6CrCuFeNi2,FCC
Al0.7CrCuFeNi,FCC
Al0.8CrCuFeNi,IM
Al0.8CrCuFeNi2,FCC
Al0.9CrCuFeNi,IM
Al1.2CrCuFeNi,IM
Al20Cr25Co25Ni25Si5,IM
Al22Co28Ni31.75Ti10.75V7.5,IM
Al15Cr10Co35Ni35Si5,IM
AlCoFeMo0.5Ni,IM
AlCoCuFeNiVZr,IM
AlCoCuFeNiZr,IM
Al2.5CoCuFeNiSn0.1,IM
Al0.5CoCrNiTi0.5,IM
AlCoCrFeNiZr0.5,IM
Al0.5CoCrFe2NiTi0.5,IM
Al0.5CoCrFeNiTi,IM
Al16.5Co22.5Cr5Fe12.5Ni30Ti13.5,IM
AlCo0.6CrFe0.2NiSiTi0.2,IM
Al0.3CoCrFeNi ,IM
AlCoCrFeMo0.5,IM
Al0.4CoCrFeMnNiV,IM
Al0.02CoCrFeMnNi,FCC
Al0.03CoCrFeMnNi,FCC
Al0.04CoCrFeMnNi,FCC
Al0.08CoCrFeMnNi,FCC
Al0.09CoCrFeMnNi,IM
Al0.10CoCrFeMnNi,FCC
Al0.11CoCrFeMnNi,IM
Al0.12CoCrFeMnNi,IM
Al0.14CoCrFeMnNi,IM
Al0.15CoCrFeMnNi,IM
Al0.16CoCrFeMnNi,IM
Al0.18CoCrFeMnNi,IM
Al0.19CoCrFeMnNi,IM
Al0.20CoCrFeMnNi,FCC
Al0.25CoCrFeMnNi,IM
Al0.38CoCrFeMnNi,FCC
Al0.43CoCrFeMnNi,FCC+BCC
Al0.49CoCrFeMnNi,FCC+BCC
Al0.56CoCrFeMnNi,FCC+BCC
Al0.62CoCrFeMnNi,FCC+BCC
Al0.68CoCrFeMnNi,FCC+BCC
Al0.75CoCrFeMnNi,FCC+BCC
Al0.81CoCrFeMnNi,FCC+BCC
Al0.88CoCrFeMnNi,FCC+BCC
Al0.95CoCrFeMnNi,FCC+BCC
Al1.25CoCrFeMnNi,BCC
Al0.4Co6Cr7.5Cu2Mn8.1Ni32.2Sn0.3Ti12V10Zr21.5,IM
Al0.5CoCrCuFeNiV,IM
Al0.5CoCrCuFeNiV0.2,FCC
Al0.5CoCrCuFeNiV0.4,FCC+BCC
Al0.5CoCrCuFeNiTi2,IM
Al0.5CoCrCuFeNiTi1.2 ,IM
Al0.2CoCrCu0.8FeNiSi0.2,IM
Al0.8CoCrCu0.2FeNiSi0.2,IM
Al0.3C0.1CoCrFeNi,IM
AlB0.5CoCrCuFeMoNiSiTi,IM
Al0.5B0.2CoCrCuFeNi,IM
Al0.5B0.6CoCrCuFeNi,IM
Al0.5BCoCrCuFeNi,FCC
AgAlCoCrCuNi,IM
AlCoCrCuNi,FCC+BCC
AlAuCoCrCuNi,IM
AlCoCrFeNb0.5Ni ,IM
Co25Cr25Fe25Ni25,FCC
Al2.4Co24.4Cr24.4Fe24.4Ni24.4,FCC
Al7.2Co23.2Cr23.2Fe23.2Ni23.2,IM
Al9.1Co22.7Cr22.7Fe22.7Ni22.7,FCC
Al11.2Co22.2Cr22.2Fe22.2Ni22.2,FCC
Al14.8Co21.3Cr21.3Fe21.3Ni21.3,IM
Al16.6Co20.8Cr20.8Fe20.8Ni20.8,IM
Al18.4Co20.4Cr20.4Fe20.4Ni20.4,IM
Al20Co20Cr20Fe20Ni20,BCC
Al23.2Co19.2Cr19.2Fe19.2Ni19.2,BCC
Al27.2Co18.2Cr18.2Fe18.2Ni18.2,IM
Al31.2Co17.2Cr17.2Fe17.2Ni17.2,IM
Al33.2Co16.7Cr16.7Fe16.7Ni16.7,IM
CoCrFeNiTiAl0.5,FCC+BCC
CoCrFeNiTiAl,BCC
CoCrFeNiTiAl1.5,BCC
CoCrFeNiTiAl2.0,BCC
CoCrMnNiFe,FCC
AlCoCuNi,FCC+BCC
Mo1.5NbTiVZr,BCC
Mo1.7NbTiVZr,BCC
Mo2NbTiVZr,BCC
MoNbTiV0.25Zr,BCC
MoNbTiV0.50Zr,BCC
MoNbTiV0.75Zr,BCC
MoNbTiV1.0Zr,BCC
MoNbTiV1.5Zr,BCC
MoNbTiV2.0Zr,BCC
MoNbTiV3.0Zr,BCC
MoNbTiZr,BCC
Mo0.5NbTiTa0.5ZrAl,BCC
CrFe1·5Ni0·5Al0.2,BCC
NbTiV0.3Mo0.1,BCC
NbTiV0.3Mo0.3,BCC
NbTiV0.3Mo0.5,BCC
NbTiV0.3Mo0.7,BCC
NbTiV0.3Mo,BCC
NbTiV0.3Mo1.3,BCC
NbTiV0.3Mo1.5,BCC
CoFeNiV,FCC
AlCu0.5Li0.5MgSn0.2,IM
HfMoNbZrTi,BCC
Al1.125CuFe0.75NiTi1.125,FCC
Al22.5Cu20Fe15Ni20Ti22.5,FCC
AlCuFeNiTi,FCC
CoCuFeMnNiSn0.03,FCC
CrCuFeMoNi,FCC
CrCuFeNi2Al,FCC+BCC
CoCuFeMnNiSn0.05,IM
CoCuFeMnNiSn0.08,IM
CoCuFeMnNiSn0.1,IM
CoCuFeMnNiSn0.2,IM
AlCoCuFeNiSi,FCC+BCC
AlCoCuFeNiTi,FCC+BCC
Al2.5CoCrFeNi,BCC
Al3CoCrFeNi,BCC
Al2CoCrFeMo0.5Ni,BCC
Al1.5CoCrFeNiTi,BCC
Al2CoCrFeNiTi,BCC
Al0.3CoCrCuFe,FCC
Al0.5CoCrCuFe,FCC
Al0.8CoCrCuFe,FCC+BCC
AlCoCrCuFe,FCC+BCC
Al1.3CoCrCuFe,FCC+BCC
Al1.5CoCrCuFe,FCC+BCC
Al1.8CoCrCuFe,FCC+BCC
Al2.0CoCrCuFe,FCC+BCC
Al2.3CoCrCuFe,FCC+BCC
Al2.5CoCrCuFe,FCC+BCC
Al2.8CoCrCuFe,BCC
Al3.0CoCrCuFe,BCC
Al0.25CoCrCu0.5FeNiTi0.5,FCC
Al0.25CoCrCu0.75FeNiTi0.5,FCC
AlCoCrCuFeNiTi,FCC+BCC
Al3CoCrCuFeNi,BCC
AlCoCrCuNiTi,BCC
Al0.5CoCrCuFeNiTi2.0 ,IM
CoFeMo0.5NiAl,IM
Al0.3CrFe1.5Ni0.5,BCC
Al0.4CrFe1.5Ni0.5,BCC
AlCo2CuFeNi,IM
Al0.15CrFe1.5Ni0.5,IM
Al0.2CrFe1.5Ni0.5,IM
Co0.25Cr0.25FeMn,FCC
AlCrCuFe,IM
Cr0.66FeMnNi,FCC
AlCoCrCu0.5Fe,FCC+BCC
AlCoCrCu0.5Ni,BCC
Al0.44CoCrFeNi,IM
Al0.4CoCrFeNi,FCC
Al0.7CoCrFeNi,FCC+BCC
Al0.8CoCrFeNi,FCC+BCC
Al0.9CoCrFeNi,BCC
Al1.2CoCrFeNi,BCC
Al1.8CoCrFeNi,BCC
Al2.08CoCrFeNi,BCC
AlCoCr2FeNi,IM
Al0.43CoCr0.29NiSi0.14,IM
AlCo0.2CuFeNi,IM
AlCo0.5CuFeNi,IM
AlCo1.5CuFeNi,IM
AlCoCu0.5FeNi,FCC+BCC
AlCoFeNiTi,BCC
Al1.5CrCuFeNi,BCC
AlCrMnTiV,IM
Al8Cu0.5Li0.5Mg0.5Zn0.5,IM
Al8Li0.5Mg0.5Sn0.5Zn0.5,IM
AlLi0.5MgSn0.2Zn0.5,IM
AlLiMgSnZn,IM
CoCrFeNiPd,FCC
CoCrFeNiPd2,FCC
Al1.17CoCrFeNi,BCC
CoCrFeNiNb0.103,IM
CoCrFeNiNb0.155,IM
CoCrFeNiNb0.206,IM
CoCrFeNiNb0.309,IM
CoCrFeNiNb0.412,IM
CoCrNiTiV,IM
CoCuFeNiV,FCC
CoFeMo0.2NiV,IM
CoFeMo0.4NiV,IM
CoFeMo0.6NiV,IM
CoFeMo0.8NiV,IM
CoFeMoNi1.2V,IM
CoFeMoNi1.4V,IM
CoFeMoNi1.6V,IM
CoFeMoNi1.8V,IM
CoFeMoNi2V,IM
Co2Mo0.5Ni2VW0.5,IM
Cr2CuFe2MnNi,IM
CrCuFeNiZr,BCC
CrMnFe1.5Ni0.5Al0.5 ,IM
CrMnFe1.5Ni0.5Al1.2,BCC
CrNbTaTiZr,IM
FeCoNiCrTi,IM
FeCrMnNiCo,FCC
MoNbTiV3Zr,IM
Al11.1Co88.9Cr88.9Cu88.9Fe88.9Mn88.9Ni88.9Ti88.9V88.9,FCC+BCC
TaNbVTiAl0.25,BCC
Al0.5C0.2Co0.3CrFeNi,IM
AlC1.5CoCrFeNi,IM
Al1.5CoCrCu0.5FeNi,IM
Al2CoCrCu0.5FeNi,BCC
AlCo0.5CrCu0.5FeNi,BCC
AlCo1.5CrCu0.5FeNi,BCC
AlCo2CrCu0.5FeNi,BCC
AlCo3.5CrCu0.5FeNi,BCC
AlCo3CrCu0.5FeNi,BCC
AlCoCr0.5Cu0.5FeNi,BCC
AlCoCr1.5Cu0.5FeNi,BCC
AlCoCr2Cu0.5FeNi,BCC
AlCoCrCu0.5Fe1.5Ni,BCC
AlCoCrCu0.5FeNi0.5,BCC
AlCoCrCu0.5FeNi2.5,FCC
AlCoCrCuFe0.5Ni,BCC
Al0.25CoCrCu0.75FeNi,FCC
Al0.3CoCrCu0.5FeNi,FCC
Al0.75CoCrCu0.25FeNi,FCC
AlCo0.5CrCuFeNi,BCC
AlCoCr0.5CuFeNi,IM
AlCoCrCu0.25FeNi,IM
AlCoCrCu0.5Fe0.5Ni,BCC
AlCoCrCu0.5Fe2Ni,FCC+BCC
AlCoCrCu0.5FeNi,FCC+BCC
AlCoCrCu0.5FeNi1.5,FCC+BCC
AlCoCrCu0.5FeNi2,FCC+BCC
AlCoCrCu0.5FeNi3,FCC+BCC
AlCoCrCuFeNi0.5,FCC+BCC
Al0.3CoCrFeMo0.1Ni,BCC
Al0.5CoCrFeMo0.5Ni,FCC
Al1.5CoCrFeMo0.5Ni,IM
AlCo0.5CrFeMo0.5Ni,BCC
AlCo1.5CrFeMo0.5Ni,IM
AlCo2CrFeMo0.5Ni,IM
AlCoCr0.5FeMo0.5Ni,IM
AlCoCr1.5FeMo0.5Ni,IM
AlCoCr2FeMo0.5Ni,IM
AlCoCrFe0.5Mo0.5Ni,IM
AlCoCrFe0.6Mo0.5Ni,IM
AlCoCrFe1.5Mo0.5Ni,IM
AlCoCrFe2Mo0.5Ni,IM
AlCoCrFeMo0.5Ni0.5,IM
AlCoCrFeMo0.5Ni1.5,IM
AlCoCrFeMo0.5Ni2,IM
AlCoCrFeNb0.75Ni,IM
Al7.8Co20.6Cr12.2Fe11.5Ni40.7Ti7.2,IM
Al0.2Co1.5CrFeNi1.5Ti,IM
Al0.3CoCrFeNiTi0.1,FCC
AlCo1.5CrFeNiTi0.5,IM
AlCo2CrFeNiTi0.5,FCC+BCC
AlCo3CrFeNiTi0.5,FCC+BCC
Al0.8CrCu1.5FeMnNi,IM
Al0.8CrCuFe1.5MnNi,FCC+BCC
Al0.8CrCuFeMn1.5Ni,FCC+BCC
AlCrCuFeMnNi,IM
Al0.3CrCuFeMnNi,BCC
Al0.5CrCuFeMnNi,IM
Al0.8CrCuFeMnNi,IM
AlCr0.5CuFeNiTi,IM
AlCr1.5CuFeNiTi,IM
AlCr2CuFeNiTi,IM
AlCr3CuFeNiTi,IM
AlCrCuFeNiTi,IM
AlMo0.5NbTa0.5TiZr ,BCC
AlNbMo0.5Ta0.5TiZr,IM
CoCrFeMnNiV,IM
CoCuFeMnNiSn0.10,IM
FeMoNiTiVZr,FCC
Hf0.5Mo0.5NbSi0.1TiZr,FCC
Hf0.5Mo0.5NbSi0.3TiZr,IM
Hf0.5Mo0.5NbSi0.5TiZr,IM
Hf0.5Mo0.5NbSi0.7TiZr,IM
CoCrCuFeNiTi2,IM
CoCrFeMnNiTi,IM
AlCoCrCuFeNiSi,IM
Al0.5CoCrCuFeNiTi,FCC
AlCoCrCu0.25FeNiTi0.5,IM
AlCoCrCu0.5FeNiTi0.5,FCC+BCC
Al0.5CoCrCuFeNiV0.6,FCC
Al0.5CoCrCuFeNiV0.8,FCC+BCC
Al0.5CoCrCuFeNiV1.0,IM
Al23Co15Cr23Cu8Fe15Ni16,BCC
Al8Co17Cr14Cu8Fe17Ni34.8Mo0.1Ti1W0.1,FCC
AlCoCrCuFeMnNi,IM
AlCoCrCuFeNiTiV,FCC+BCC
AlTiVYZr,IM
BeCuNiTiVZr,IM
AlCoCrCuFeMoNi,IM
FeCrNiMnAl0.3,FCC+BCC
FeCrNiMnAl0.5,BCC
FeCrNiMnAl0.8,BCC
FeCrNiMn,FCC
FeCrNiMnAl1.0,BCC
Ti65(AlCrNb)35,BCC
Ti65(AlCrNbV)35,BCC
Ti65(AlCrNbV)32Zr3,BCC
Ti65(AlCrNbV)30Zr5,BCC
Ti65(AlCrNbV)28Zr7,BCC
Ti65(AlCrNbV)25Zr10,BCC
[TaNb]0.67[ZrHfTi]0.33,BCC
[(TaNb)0.67(ZrHfTi)0.33]0.9Al0.1,BCC
[(TaNb)0.67(ZrHfTi)0.33]0.8Al0.2,BCC
[(TaNb)0.67(ZrHfTi)0.33]0.7Al0.3,BCC
[(TaNb)0.67(ZrHfTi)0.33]0.6Al0.4,BCC
[(TaNb)0.67(ZrHfTi)0.33]0.5Al0.5,BCC
NiCoFeCrAl0.59,FCC
TiNbTaZrV,BCC
TiNbTaZrMo,BCC
TiNbTaZrW,BCC
CoCrHf0.2FeNi,FCC
CoCrHf0.3FeNi,IM
CoCrHf0.4FeNi,IM
CoCrHf0.5FeNi,IM
CoCrHf0.6FeNi,IM
AlCrNbTiV ,IM
AlLi0.5MgCu0.5Sn0.2,IM
AlLi0.5MgZn0.5Cu0.2,IM
FeCoCuNiSn0.02,FCC
FeCoCuNiSn0.04,FCC
FeCoCuNiSn0.05,FCC
FeCoCuNiSn0.07,IM
FeCoCuNiSn0.1,IM
FeCoCuNiSn0.2,IM
FeCoCuNiSn0.5,IM
AlLi0.5MgZn0.5Sn0.2,IM
(Al0.5Mg0.5)95Li5,IM
(Al0.5Mg0.5)90Li10,IM
(Al0.5Mg0.5)85Li15,IM
(Al0.5Mg0.5)75Li25,IM
AlMgLi,IM
Al40Mg40Li10Cu10,IM
Al35Mg35Li15Cu15,IM
Al40Mg40Li10Zn10,IM
Al35Mg35Li15Zn15,IM
AlLi0.4MgZn0.5Sn0.2,IM
AlCoCrFeNiMo0.2,IM
AlCoCrFeNiMo0.3,IM
AlCoCrFeNiMo0.4,IM
AlCoCrFeNiMo0.5,IM
AlCoCrFeNi2.2,IM
Ti0.5CrFeCoNiAl0.0Cu1.0,FCC
Ti0.5CrFeCoNiAl0.25Cu0.75,FCC
Ti0.5CrFeCoNiAl0.5Cu0.5,FCC+BCC
Ti0.5CrFeCoNiAl0.75Cu0.25,IM
Fe40Mn40Co10Cr10C,FCC
Fe40Mn40Co10Cr10Mo,FCC
Fe40Mn28Ni28Cr4,FCC
Fe40Mn28Ni20Cr12,FCC
Fe40Mn28Ni14Cr18,FCC
Fe55(CoCrNi)10(MoV)5C5,IM
CoCrFeMnNiNb0·06C0.8 ,FCC
CoCrFeNiTa0.0,FCC
CoCrFeNiTa0.1,IM
CoCrFeNiTa0.2,IM
CoCrFeNiTa0.3,IM
CoCrFeNiTa0.4,IM
CoCrFeNiTa0.5,IM
CoCrFeNiTa0.75,IM
Al0.2CoCrFeMnNi,FCC
CoCrFeNiSi0.05,FCC
CoCrFeNiSi0.1,FCC
CoCrFeNiSi0.15,FCC
CoCrFeNiSi0.25,FCC
AlCoCrCuFeNi0.5,IM
AlCoCrCuFe0.5Ni,IM
AlCoCrCu0.5FeNi,IM
AlCoCr0.5CuFeNi,IM
AlCo0.5CrCuFeNi,IM
CuAlNiCoCrFeSi,IM
NbCrFeMnCoNi,IM
TiCrFeMnCoNi,IM
Ti2CrCuFeCoNi,IM
Co20Mn20Fe20Ni40,FCC
